{"reward": [0.8592592592592593, 0.9224806201550387, 0.8294573643410852, 0.8686131386861313, 0.875968992248062, 0.8842975206611571, 0.8478260869565217, 0.8717948717948717, 0.890625, 0.8527131782945736, 0.9007633587786259, 0.8455882352941176, 0.873015873015873, 0.9007633587786259, 0.9008264462809917, 0.9243697478991597, 0.8461538461538461, 0.8296296296296296, 0.8676470588235293, 0.8956521739130434, 0.83206106870229, 0.8749999999999999, 0.9, 0.8955223880597014, 0.8620689655172414, 0.8549618320610687, 0.8776978417266186, 0.7923076923076923, 0.8384615384615385, 0.8592592592592593, 0.8592592592592593, 0.8818897637795275, 0.8790322580645161, 0.8846153846153846, 0.8515625, 0.8211382113821138, 0.8120300751879699, 0.8429752066115702, 0.8549618320610687, 0.888888888888889, 0.8478260869565217, 0.8976377952755906, 0.8617886178861789, 0.8837209302325582, 0.8769230769230769, 0.8923076923076924, 0.8455284552845528, 0.8939393939393938, 0.8592592592592593, 0.8307692307692307, 0.8951612903225806, 0.8632478632478633, 0.8306451612903225, 0.874074074074074, 0.8540145985401459, 0.8536585365853658, 0.8529411764705882, 0.8828125, 0.8467741935483871, 0.8297872340425533, 0.864406779661017, 0.8760330578512396, 0.8484848484848485, 0.8613138686131385], "greedy_reward": [0.8444444444444444, 0.9302325581395349, 0.8294573643410852, 0.8686131386861313, 0.8604651162790697, 0.8760330578512396, 0.8623188405797101, 0.8803418803418802, 0.8984375, 0.8449612403100775, 0.9083969465648855, 0.8382352941176471, 0.888888888888889, 0.916030534351145, 0.8925619834710744, 0.9327731092436975, 0.8538461538461538, 0.8296296296296296, 0.8529411764705882, 0.8869565217391303, 0.8396946564885496, 0.8749999999999999, 0.9076923076923076, 0.8955223880597014, 0.853448275862069, 0.8549618320610687, 0.8920863309352517, 0.8076923076923076, 0.823076923076923, 0.8666666666666667, 0.8666666666666667, 0.8661417322834646, 0.8709677419354839, 0.8769230769230769, 0.8515625, 0.8292682926829268, 0.8045112781954886, 0.8429752066115702, 0.8549618320610687, 0.888888888888889, 0.8695652173913042, 0.8976377952755906, 0.8699186991869918, 0.875968992248062, 0.8769230769230769, 0.9, 0.8536585365853658, 0.8939393939393938, 0.8814814814814814, 0.8307692307692307, 0.8870967741935484, 0.8547008547008547, 0.8548387096774194, 0.8666666666666667, 0.8540145985401459, 0.8617886178861789, 0.8455882352941176, 0.859375, 0.8387096774193548, 0.8156028368794327, 0.8728813559322034, 0.8760330578512396, 0.8333333333333333, 0.8540145985401459], "patient_reward": [0.8296296296296296, 0.8294573643410852, 0.7441860465116279, 0.8540145985401459, 0.8527131782945736, 0.859504132231405, 0.8115942028985507, 0.8205128205128205, 0.8125, 0.8449612403100775, 0.8015267175572518, 0.8308823529411764, 0.8412698412698413, 0.83206106870229, 0.8677685950413223, 0.8571428571428571, 0.8615384615384615, 0.8148148148148148, 0.7941176470588235, 0.8956521739130434, 0.8091603053435114, 0.801470588235294, 0.8538461538461538, 0.8507462686567164, 0.8189655172413792, 0.8244274809160305, 0.8273381294964028, 0.8153846153846154, 0.7846153846153845, 0.8148148148148148, 0.8074074074074074, 0.8661417322834646, 0.8306451612903225, 0.8615384615384615, 0.8671875, 0.8455284552845528, 0.7894736842105262, 0.7933884297520661, 0.7938931297709922, 0.8095238095238094, 0.8405797101449275, 0.811023622047244, 0.8048780487804879, 0.821705426356589, 0.7615384615384615, 0.8538461538461538, 0.7967479674796748, 0.8181818181818181, 0.8444444444444444, 0.8153846153846154, 0.9112903225806452, 0.829059829059829, 0.8225806451612903, 0.8148148148148148, 0.8321167883211679, 0.8617886178861789, 0.8529411764705882, 0.84375, 0.8306451612903225, 0.8368794326241135, 0.8898305084745762, 0.834710743801653, 0.8257575757575757, 0.7956204379562043]}