{"greedy": [0.4156804733727811, 0.4098360655737705, 0.40997229916897504, 0.39525139664804465, 0.412536443148688, 0.4068767908309455, 0.40625, 0.4051724137931034, 0.4008620689655173, 0.4011299435028248, 0.41051136363636365, 0.4101123595505618, 0.40599455040871935, 0.4238505747126437, 0.3952802359882006, 0.41117478510028654], "patient": [0.5236686390532543, 0.523224043715847, 0.5235457063711911, 0.5083798882681564, 0.5335276967930028, 0.5272206303724929, 0.5241477272727273, 0.5344827586206897, 0.5316091954022989, 0.5070621468926554, 0.5241477272727273, 0.5379213483146068, 0.5272479564032698, 0.5502873563218391, 0.5162241887905604, 0.5401146131805158], "model": [0.0, 0.0, 0.0, 0.0, 0.0, 0.0, 0.0, 0.0, 0.0, 0.0, 0.0, 0.0, 0.0, 0.0, 0.0, 0.0]}