{"greedy": [0.43548387096774194, 0.43609022556390975, 0.4487179487179487, 0.4323308270676692, 0.4298245614035088, 0.4301470588235294, 0.43382352941176466, 0.437984496124031, 0.4424778761061947, 0.40647482014388486, 0.4296875, 0.4507575757575757, 0.4444444444444444, 0.42028985507246375, 0.4204545454545454, 0.4166666666666667], "patient": [0.560483870967742, 0.575187969924812, 0.5854700854700855, 0.5789473684210525, 0.5701754385964912, 0.5625, 0.5441176470588235, 0.562015503875969, 0.5929203539823009, 0.5323741007194244, 0.5546874999999999, 0.5719696969696969, 0.5777777777777777, 0.5579710144927535, 0.5643939393939393, 0.5750000000000001], "model": [0.43548387096774194, 0.43609022556390975, 0.4487179487179487, 0.4323308270676692, 0.4298245614035088, 0.4301470588235294, 0.43382352941176466, 0.437984496124031, 0.4424778761061947, 0.40647482014388486, 0.4296875, 0.4507575757575757, 0.4444444444444444, 0.42028985507246375, 0.4204545454545454, 0.4166666666666667]}