{"greedy": [0.40579710144927533, 0.42519685039370075, 0.42028985507246375, 0.4431818181818182, 0.4291044776119403, 0.44573643410852715, 0.4111111111111111, 0.4364406779661017, 0.43089430894308944, 0.4439655172413793, 0.4444444444444445, 0.4264705882352941, 0.41729323308270677, 0.44715447154471544, 0.4173553719008265, 0.4705882352941177], "patient": [0.5760869565217391, 0.5433070866141733, 0.5652173913043478, 0.5757575757575757, 0.5634328358208954, 0.5852713178294573, 0.548148148148148, 0.5805084745762713, 0.589430894308943, 0.5689655172413793, 0.5753968253968254, 0.5772058823529411, 0.5451127819548871, 0.6016260162601625, 0.578512396694215, 0.5714285714285715], "model": [0.40579710144927533, 0.42519685039370075, 0.42028985507246375, 0.4431818181818182, 0.4291044776119403, 0.44573643410852715, 0.4111111111111111, 0.4364406779661017, 0.43089430894308944, 0.4439655172413793, 0.4444444444444445, 0.4264705882352941, 0.41729323308270677, 0.44715447154471544, 0.4173553719008265, 0.4705882352941177]}